{
    "total_samples": 5264,
    "class_distribution": {
        "0": 847,
        "1": 2000,
        "2": 2000,
        "3": 417
    },
    "unique_texts": 5264,
    "avg_text_length": 1364.9072948328267,
    "target_names": [
        "AI Phishing",
        "Enron Ham",
        "Manual Spam",
        "Nigerian Scam"
    ],
    "canonical_columns": [
        "text",
        "headers",
        "html",
        "attachments",
        "content_hash",
        "label"
    ],
    "columns_used_for_features": [
        "text"
    ],
    "columns_preserved_but_unused": [
        "headers",
        "html",
        "attachments",
        "content_hash"
    ],
    "timestamp": "2026-01-27T00:03:57.387763",
    "preprocessing": "unified_with_deberta",
    "feature_extraction": "stylometry_tfidf_sbert_different_from_deberta"
}